<?xml version="1.0" encoding="UTF-8"?>
<configuration>
	<appender name="DefaultAppender"
		class="ch.qos.logback.core.rolling.RollingFileAppender">
		<file>${user.home}/logs/rocketmqlogs/filtersrv_default.log</file>
		<append>true</append>
		<rollingPolicy class="ch.qos.logback.core.rolling.FixedWindowRollingPolicy">
			<fileNamePattern>${user.home}/logs/rocketmqlogs/otherdays/filtersrv_default.%i.log
			</fileNamePattern>
			<minIndex>1</minIndex>
			<maxIndex>5</maxIndex>
		</rollingPolicy>
		<triggeringPolicy
			class="ch.qos.logback.core.rolling.SizeBasedTriggeringPolicy">
			<maxFileSize>100MB</maxFileSize>
		</triggeringPolicy>
		<encoder>
			<pattern>%d{yyy-MM-dd HH:mm:ss,GMT+8} %p %t - %m%n</pattern>
			<charset class="java.nio.charset.Charset">UTF-8</charset>
		</encoder>
	</appender>

	<appender name="RocketmqFiltersrvAppender"
		class="ch.qos.logback.core.rolling.RollingFileAppender">
		<file>${user.home}/logs/rocketmqlogs/filtersrv.log</file>
		<append>true</append>
		<rollingPolicy class="ch.qos.logback.core.rolling.FixedWindowRollingPolicy">
			<fileNamePattern>${user.home}/logs/rocketmqlogs/otherdays/filtersrv.%i.log
			</fileNamePattern>
			<minIndex>1</minIndex>
			<maxIndex>5</maxIndex>
		</rollingPolicy>
		<triggeringPolicy
			class="ch.qos.logback.core.rolling.SizeBasedTriggeringPolicy">
			<maxFileSize>100MB</maxFileSize>
		</triggeringPolicy>
		<encoder>
			<pattern>%d{yyy-MM-dd HH:mm:ss,GMT+8} %p %t - %m%n</pattern>
			<charset class="java.nio.charset.Charset">UTF-8</charset>
		</encoder>
	</appender>

	<appender name="STDOUT" class="ch.qos.logback.core.ConsoleAppender">
		<append>true</append>
		<encoder>
			<pattern>%d{yyy-MM-dd HH\:mm\:ss,SSS} %p %t - %m%n</pattern>
			<charset class="java.nio.charset.Charset">UTF-8</charset>
		</encoder>
	</appender>

	<logger name="RocketmqFiltersrv" additivity="false">
		<level value="INFO" />
		<appender-ref ref="RocketmqFiltersrvAppender" />
	</logger>

	<logger name="RocketmqCommon" additivity="false">
		<level value="INFO" />
		<appender-ref ref="RocketmqFiltersrvAppender" />
	</logger>

	<logger name="RocketmqRemoting" additivity="false">
		<level value="INFO" />
		<appender-ref ref="RocketmqFiltersrvAppender" />
	</logger>

	<root>
		<level value="INFO" />
		<appender-ref ref="DefaultAppender" />
	</root>
</configuration>
